<?xml version="1.0" encoding="UTF-8"?>
<!DOCTYPE mapper PUBLIC "-//mybatis.org//DTD Mapper 3.0//EN" "http://mybatis.org/dtd/mybatis-3-mapper.dtd">

<mapper namespace="com.wfuhui.modules.sys.dao.SysUserDao">
	<select id="queryObject" resultType="com.wfuhui.modules.sys.entity.SysUserEntity">
		select * from sys_user where id = #{value}
	</select>
	
	<select id="queryList" resultType="com.wfuhui.modules.sys.entity.SysUserEntity">
		select * from sys_user 
		<where>
			<if test="username != null and username.trim() != ''">
				and `username` like concat('%',#{username},'%') 
			</if>
		</where>
		<choose>
			<when test="sidx != null and sidx.trim() != ''">
				order by ${sidx} ${order}
			</when>
			<otherwise>
				order by id desc
			</otherwise>
		</choose>
		<if test="offset != null and limit != null">
			limit #{offset}, #{limit}
		</if>
	</select>
	
	<select id="queryTotal" resultType="int">
		select count(*) from sys_user
		<where>
			<if test="username != null and username.trim() != ''">
				and `username` like concat('%',#{username},'%') 
			</if>
		</where>
	</select>
	
	<select id="queryByUserName" resultType="com.wfuhui.modules.sys.entity.SysUserEntity">
		select * from sys_user where username = #{username}
	</select>
	
	<insert id="save" parameterType="com.wfuhui.modules.sys.entity.SysUserEntity" useGeneratedKeys="true" keyProperty="id">
		insert into sys_user
		(
			`username`, 
			`password`,
			`email`, 
			`mobile`, 
			`status`, 
			`create_time`
		)
		values
		(
			#{username}, 
			#{password},
			#{email}, 
			#{mobile}, 
			#{status}, 
			#{createTime}
		)
	</insert>
	 
	<update id="update" parameterType="com.wfuhui.modules.sys.entity.SysUserEntity">
		update sys_user 
		<set> 
			<if test="username != null">`username` = #{username}, </if>
			<if test="password != null">`password` = #{password}, </if>
			<if test="email != null">`email` = #{email}, </if>
			<if test="mobile != null">`mobile` = #{mobile}, </if>
			<if test="status != null">`status` = #{status}, </if>
		</set>
		where id = #{id} 
	</update>
	
	<update id="updatePassword" parameterType="map">
		update sys_user set `password` = #{newPassword} 
			where id = #{id} and password = #{password}
	</update>
	
	<delete id="deleteBatch">
		delete from sys_user where id in 
		<foreach item="userId" collection="array" open="(" separator="," close=")">
			#{userId}
		</foreach>
	</delete>

</mapper>