<?xml version="1.0" encoding="UTF-8"?>
<!DOCTYPE mapper PUBLIC "-//mybatis.org//DTD Mapper 3.0//EN" "http://mybatis.org/dtd/mybatis-3-mapper.dtd">

<mapper
	namespace="com.wfuhui.modules.order.dao.EvaluationDao">

	<!-- 可根据自己的需求，是否要使用 -->
	<resultMap
		type="com.wfuhui.modules.order.entity.EvaluationEntity"
		id="evaluationMap">
		<result property="id" column="id" />
		<result property="orderId" column="order_id" />
		<result property="memberId" column="member_id" />
		<result property="content" column="content" />
		<result property="star" column="star" />
		<result property="createTime" column="create_time" />
		<result property="projectId" column="project_id" />
	</resultMap>

	<select id="queryObject"
		resultType="com.wfuhui.modules.order.entity.EvaluationEntity">
		select * from appoint_evaluation where id = #{value}
	</select>

	<select id="queryList"
		resultType="com.wfuhui.modules.order.entity.EvaluationEntity">
		select e.*, u.nickname as 'member.nickname', u.avatar_url as 'member.avatarUrl', p.project_name 'project.projectName' from appoint_evaluation e 
		left join base_member u on e.member_id = u.id
		left join appoint_project p on e.project_id = u.id
		<where>
			<if test="projectId != null">
				and e.project_id = #{projectId}
			</if>
		</where>
		<choose>
			<when test="sidx != null and sidx.trim() != ''">
				order by ${sidx} ${order}
			</when>
			<otherwise>
				order by id desc
			</otherwise>
		</choose>
		<if test="offset != null and limit != null">
			limit #{offset}, #{limit}
		</if>
	</select>

	<select id="queryTotal" resultType="int">
		select count(*) from appoint_evaluation e
		<where>
			<if test="projectId != null">
				and e.project_id = #{projectId}
			</if>
		</where>
	</select>

	<insert id="save"
		parameterType="com.wfuhui.modules.order.entity.EvaluationEntity"
		useGeneratedKeys="true" keyProperty="id">
		insert into appoint_evaluation
		(
		`order_id`,
		`member_id`,
		`content`,
		`star`,
		`create_time`,
		`project_id`
		)
		values
		(
		#{orderId},
		#{memberId},
		#{content},
		#{star},
		#{createTime},
		#{projectId}
		)
	</insert>

	<update id="update"
		parameterType="com.wfuhui.modules.order.entity.EvaluationEntity">
		update appoint_evaluation
		<set>
			<if test="orderId != null">`order_id` = #{orderId}, </if>
			<if test="memberId != null">`member_id` = #{memberId}, </if>
			<if test="content != null">`content` = #{content}, </if>
			<if test="star != null">`star` = #{star}, </if>
			<if test="createTime != null">`create_time` = #{createTime}, </if>
			<if test="projectId != null">`project_id` = #{projectId}</if>
		</set>
		where id = #{id}
	</update>

	<delete id="delete">
		delete from appoint_evaluation where id = #{value}
	</delete>

	<delete id="deleteBatch">
		delete from appoint_evaluation where id in
		<foreach item="id" collection="array" open="(" separator=","
			close=")">
			#{id}
		</foreach>
	</delete>

</mapper>