<?xml version="1.0" encoding="UTF-8"?>
<!DOCTYPE mapper PUBLIC "-//mybatis.org//DTD Mapper 3.0//EN" "http://mybatis.org/dtd/mybatis-3-mapper.dtd">

<mapper namespace="com.wfuhui.modules.settings.dao.TimeDao">

	<!-- 可根据自己的需求，是否要使用 -->
    <resultMap type="com.wfuhui.modules.settings.entity.TimeEntity" id="timeMap">
        <result property="id" column="id"/>
        <result property="teacherId" column="teacher_id"/>
        <result property="appointDate" column="appoint_date"/>
        <result property="startTime" column="start_time"/>
        <result property="endTime" column="end_time"/>
        <result property="status" column="status"/>
        <result property="people" column="people"/>
        <result property="maxPeople" column="max_people"/>
    </resultMap>

	<select id="queryObject" resultType="com.wfuhui.modules.settings.entity.TimeEntity">
		select * from appoint_time where id = #{value}
	</select>

	<select id="queryList" resultType="com.wfuhui.modules.settings.entity.TimeEntity">
		select * from appoint_time
		<where>
			<if test="teacherId != null">
				and teacher_id = #{teacherId}
			</if>
			<if test="appointDate != null">
				and appoint_date = #{appointDate}
			</if>
		</where>
        <choose>
            <when test="sidx != null and sidx.trim() != ''">
                order by ${sidx} ${order}
            </when>
			<otherwise>
                order by id desc
			</otherwise>
        </choose>
		<if test="offset != null and limit != null">
			limit #{offset}, #{limit}
		</if>
	</select>
	
 	<select id="queryTotal" resultType="int">
		select count(*) from appoint_time 
	</select>
	 
	<insert id="save" parameterType="com.wfuhui.modules.settings.entity.TimeEntity" useGeneratedKeys="true" keyProperty="id">
		insert into appoint_time
		(
			`teacher_id`, 
			`appoint_date`, 
			`start_time`, 
			`end_time`, 
			`status`, 
			`people`, 
			`max_people`
		)
		values
		(
			#{teacherId}, 
			#{appointDate}, 
			#{startTime}, 
			#{endTime}, 
			#{status}, 
			#{people}, 
			#{maxPeople}
		)
	</insert>
	 
	<update id="update" parameterType="com.wfuhui.modules.settings.entity.TimeEntity">
		update appoint_time 
		<set>
			<if test="teacherId != null">`teacher_id` = #{teacherId}, </if>
			<if test="appointDate != null">`appoint_date` = #{appointDate}, </if>
			<if test="startTime != null">`start_time` = #{startTime}, </if>
			<if test="endTime != null">`end_time` = #{endTime}, </if>
			<if test="status != null">`status` = #{status}, </if>
			<if test="people != null">`people` = #{people}, </if>
			<if test="maxPeople != null">`max_people` = #{maxPeople}</if>
		</set>
		where id = #{id}
	</update>
	
	<delete id="delete">
		delete from appoint_time where id = #{value}
	</delete>
	
	<delete id="deleteBatch">
		delete from appoint_time where id in 
		<foreach item="id" collection="array" open="(" separator="," close=")">
			#{id}
		</foreach>
	</delete>
	
	<update id="delPeople">
		update appoint_time set people = people - 1 where
		id = #{id}
	</update>
	
	<update id="addPeople">
		update appoint_time set people = people + 1 where
		id = #{id}
	</update>

</mapper>